{
    "height": 1.7999999523162842,
    "weight": 90.0,
    "imc": 27.77777924949746
}